{
    "1": 81.252,
    "2": 86.02,
    "3": 89.576,
    "4": 93.136,
    "5": 95.52199999999999,
    "6": 96.936,
    "7": 97.538,
    "8": 98.064,
    "9": 98.33,
    "10": 98.404,
    "11": 98.492,
    "12": 98.81400000000001,
    "13": 98.67399999999999,
    "14": 98.978,
    "15": 98.856,
    "16": 99.078,
    "17": 99.02,
    "18": 99.09,
    "19": 99.112,
    "20": 99.18599999999999
}