{
    "1": 0.5412679382016548,
    "2": 0.4058733232038111,
    "3": 0.3013164631126214,
    "4": 0.20284481908618374,
    "5": 0.13228587672455203,
    "6": 0.0930168210714698,
    "7": 0.07457166096679413,
    "8": 0.061569661073033924,
    "9": 0.051730453998287775,
    "10": 0.04829732978054199,
    "11": 0.04453364194684785,
    "12": 0.03649914918511496,
    "13": 0.03876668119680771,
    "14": 0.031086177798192883,
    "15": 0.03400898139795758,
    "16": 0.027289963882695122,
    "17": 0.029522957359047548,
    "18": 0.025462933350428915,
    "19": 0.02542916235765883,
    "20": 0.022127428862992776
}