{
    "1": 28.82,
    "2": 55.354000000000006,
    "3": 68.47,
    "4": 76.116,
    "5": 82.738,
    "6": 88.564,
    "7": 93.124,
    "8": 95.304,
    "9": 96.314,
    "10": 97.218,
    "11": 97.452,
    "12": 97.77,
    "13": 97.98599999999999,
    "14": 98.302,
    "15": 98.29599999999999,
    "16": 98.36200000000001,
    "17": 98.714,
    "18": 98.57000000000001,
    "19": 98.756,
    "20": 98.854
}