{
    "1": 1.8818588889110417,
    "2": 1.2369714612695397,
    "3": 0.9028212483579047,
    "4": 0.685238718681433,
    "5": 0.5005651019365834,
    "6": 0.33445336854398744,
    "7": 0.20131587223921468,
    "8": 0.13755734187255297,
    "9": 0.10855466758898476,
    "10": 0.0844036845225702,
    "11": 0.07597594070593902,
    "12": 0.06975927005482999,
    "13": 0.06113801338009462,
    "14": 0.052481405645793545,
    "15": 0.05083917912451725,
    "16": 0.04817451688185506,
    "17": 0.04167450675122824,
    "18": 0.04212596286842684,
    "19": 0.0380832505725394,
    "20": 0.03674691598324789
}