{
    "1": 97.255,
    "2": 98.995,
    "3": 99.3,
    "4": 99.38333333333334,
    "5": 99.47833333333334,
    "6": 99.5,
    "7": 99.61166666666666,
    "8": 99.665,
    "9": 99.76333333333334,
    "10": 99.72833333333332,
    "11": 99.77666666666667,
    "12": 99.77166666666668,
    "13": 99.84833333333333,
    "14": 99.79333333333334,
    "15": 99.89833333333334,
    "16": 99.86666666666667,
    "17": 99.88833333333334,
    "18": 99.95166666666667,
    "19": 99.83,
    "20": 99.905
}