{
    "1": 0.09406180853899847,
    "2": 0.03070832387751975,
    "3": 0.02346870414244988,
    "4": 0.019586001085017242,
    "5": 0.016354350488249448,
    "6": 0.014882321823203568,
    "7": 0.012368242093173422,
    "8": 0.010307965754361728,
    "9": 0.007278710048216345,
    "10": 0.008379294274472177,
    "11": 0.006677442425485726,
    "12": 0.006957346154762188,
    "13": 0.004216044176234094,
    "14": 0.006273988040709064,
    "15": 0.0028911109323411805,
    "16": 0.004239305077794185,
    "17": 0.003671857634746173,
    "18": 0.0016206522179162107,
    "19": 0.0048783522799764325,
    "20": 0.002622923520858627
}