{
    "1": 0.2789461821024959,
    "2": 0.046251726527284355,
    "3": 0.03581278942753528,
    "4": 0.024376338063438818,
    "5": 0.019140794594992832,
    "6": 0.017183666616887618,
    "7": 0.014465568996446083,
    "8": 0.011604065619629511,
    "9": 0.010579051782414755,
    "10": 0.008016945321814205,
    "11": 0.008203982829806436,
    "12": 0.007782568672182538,
    "13": 0.0067637726712249085,
    "14": 0.0059962292617924675,
    "15": 0.004343182527540795,
    "16": 0.005788083264360434,
    "17": 0.004574891541940863,
    "18": 0.003274505850450704,
    "19": 0.0041757954354669745,
    "20": 0.003706886478434429
}