{
    "1": 90.31666666666666,
    "2": 98.625,
    "3": 98.97333333333333,
    "4": 99.31333333333333,
    "5": 99.42666666666666,
    "6": 99.51333333333334,
    "7": 99.56,
    "8": 99.63333333333333,
    "9": 99.68166666666667,
    "10": 99.74499999999999,
    "11": 99.74499999999999,
    "12": 99.76333333333334,
    "13": 99.795,
    "14": 99.81333333333333,
    "15": 99.87666666666667,
    "16": 99.83166666666666,
    "17": 99.86666666666667,
    "18": 99.89666666666666,
    "19": 99.87,
    "20": 99.9
}